[
    {
        "id":1,
        "image":"assets/images/gallery/1.jpg"
    },
    {
        "id":2,
        "image":"assets/images/gallery/2.jpg"
    },
    {
        "id":3,
        "image":"assets/images/gallery/3.jpg"
    },
    {
        "id":4,
        "image":"assets/images/gallery/4.jpg"
    },
    {
        "id":5,
        "image":"assets/images/gallery/5.jpg"
    },
    {
        "id":6,
        "image":"assets/images/gallery/6.jpg"
    },
    {
        "id":7,
        "image":"assets/images/gallery/7.jpg"
    },
    {
        "id":8,
        "image":"assets/images/gallery/8.jpg"
    },
    {
        "id":9,
        "image":"assets/images/gallery/9.jpg"
    }
]