[
    {
        "id":1,
        "title":"Book Hotel",
        "image":"assets/images/offers03.jpg",
        "text":"Lorem Ipsum is simply dummy text of the printing and typesetting industry.",
        "link":"/hotel-grid"
    },
    {
        "id":2,
        "title":"Book Flights",
        "image":"assets/images/offers04.jpg",
        "text":"Lorem Ipsum is simply dummy text of the printing and typesetting industry.",
        "link":"/flight-grid"
    },
    {
        "id":3,
        "title":"Book Cruise",
        "image":"assets/images/offers02.jpg",
        "text":"Lorem Ipsum is simply dummy text of the printing and typesetting industry.",
        "link":"/cruise-grid"
    },
    {
        "id":4,
        "title":"Hire Cars",
        "image":"assets/images/offers01.jpg",
        "text":"Lorem Ipsum is simply dummy text of the printing and typesetting industry.",
        "link":"/car-grid"
    }
]