[
    {
        "id":1,
        "title":"Travel"
    },
    {
        "id":2,
        "title":"Tour"
    },
    {
        "id":3,
        "title":"Agent"
    },
    {
        "id":4,
        "title":"Family"
    },
    {
        "id":5,
        "title":"Adventure"
    },
    {
        "id":6,
        "title":"Romantic"
    },
    {
        "id":7,
        "title":"Wildlife"
    },
    {
        "id":8,
        "title":"Honeymoon"
    },
    {
        "id":9,
        "title":"Islands"
    },
    {
        "id":10,
        "title":"Parks"
    }
]